{
	"dev": {
		"PDBDetails": {
			"DBConnectionString": "jdbc:mysql://dbsrd2303:3306/ognd01",
			"user": "uperugu",
			"password": "Upen&7qa"
		},
		"LAWWAdminDetails": {
			"loginUrl": "",
			"user": "",
			"password": ""
		}
	},
	"test": {
		"homePageUrl": "https://lawp-smsc-tst2.optum.com/content/en/member.html",
		"PDBDetails": {
			"DBConnectionString": "jdbc:mysql://dbsrt0941.uhc.com:3306/ognt01",
			"user": "uperugu",
			"password": "Upen&7qa"
		},
		"LAWWAdminDetails": {
			"loginUrl": "https://lawt-saml-tst3.optum.com/admin/adminLogin.laww",
			"user": "djin",
			"password": "Laww12345!"
		}
	},
	"stage": {
		"homePageUrl": "https://sr-smsc-stg.liveandworkwell.com/content/en/public.html",
		"TestHarnessLoginUrl": "https://st1.healthsafe-id.com/testHarness-e2e",
		"pageLinks": {
			"signInPage": {
				"register again": "https://st1.healthsafe-id.com/protected/mdm/challenge#!/register/personalInf"
			},
			"PersonalInformationPage": {
				"Sign in now": "https://st1.healthsafe-id.com/login?TYPE=33554432&REALMOID=06-586238d6-0c3f-40ee-b10e-47140bf2418d&GUID=&SMAUTHREASON=0&METHOD=GET&SMAGENTNAME=$SM$m8%2b4qUgkRjiSQ0zeeY0qSxBkD%2bR5MyifsqZqbVSpTKJZ1ZcI1blFhoT3Fr1SRJ86WzC66H755Mnh%2fGr%2bN9EClBrcIUI0lwd8&TARGET=$SM$HTTP%3a%2f%2fst1.healthsafe-id.com%2fsecure%2fauthenticate%3fHTTP_TARGETPORTAL%3dLAWW%26HTTP_ERRORURL%3dhttps%3a%2f%2fsr-smsc-stg.liveandworkwell.com%2fcontent%2fen%2fmember%2ferror.html%26HTTP_TARGETURL%3dhttps%3a%2f%2fhs-stg.liveandworkwell.com%2fgn.laww%26HTTP_ACCESSTYPE%3dTIER1%26HTTP_ELIGIBILITY%3dP%26HTTP_LANGUAGE%3dEN#!/"
			}
		},
		"PDBDetails": {
			"DBConnectionString": "jdbc:mysql://dbsrs1395:3306/ogns",
			"user": "uperugu",
			"password": "Upen&7qa"
		},
		"LAWWAdminDetails": {
			"loginUrl": "https://stage.lww-trans.com/admin/adminLogin.laww",
			"user": "skamath",
			"password": "Laww1234!"
		},
		"HSIDAdminDetails": {
			"pageUrl": "http://digitalauthadmin10-wdtstg1.ose.optum.com/#/search/basic"
		},
		"SugarDBDetails": {
			"DBConnectionString": "jdbc:mysql://dbsrs1764:3306/sugs01",
			"user": "uperugu",
			"password": "Upen&7qa"
		},
		"ExtremeScaleServices": {
			"endPoint": "https://trustbroker-stg-svcs.optum.com:8443",
			"getUserDetailsService": {
				"path": "/ogn/stage1/consumers/v1.0/read",
				"Headers": {
					"content-type": "application/json",
					"timestamp": "12345",
					"scope": "read",
					"actor": "vippul",
					"Accept": "application/json",
					"Authorization": "Bearer "
				}
			}
		},
		"Layer7Services": {
			"endPoint": "https://api-stg.optum.com:8443",
			"getAuthTokenService": {
				"path": "/auth/oauth/v2/token",
				"Headers": {
					"client_id": "l7xxd0895e97ae37451e8dbcde0f657a8b5e",
					"grant_type": "client_credentials",
					"client_secret": "bb8a8c8f0c4e493484c9cb75ce99c4e2"
				},
				"request_body": "grant_type=client_credentials&client_id=l7xx018e56028b2b493cbd49ae9bc22bade9&client_secret=10d24cf8a5ed47cf8ed98fe8fbd22203"
			}
		}
	},
	"prod": {
		"homePageUrl": "https://liveandworkwell.com"
	}
}
