{
	"dev": {
		"PDBDetails": {
			"DBConnectionString": "jdbc:mysql://dbsrd2303:3306/ognd01",
			"user": "",
			"password": ""
		}
	},
	"test": {
		"UnathenticatedPageUrl": "",
		"PDBDetails": {
			"DBConnectionString": "jdbc:mysql://dbsrt0941.uhc.com:3306/ognt01",
			"user": "",
			"password": ""
		}
	},
	"stage": {
		"homePageUrl": "https://wcp-test1.optum.com/content/wc/en/login.html#!/",
		"PDBDetails": {
			"DBConnectionString": "jdbc:mysql://dbsrs1395:3306/ogns",
			"user": "",
			"password": ""
		}
	},
	"prod": {
		"UnathenticatedPageUrl": "https://liveandworkwell.com/public/"
	}
}
